First Name,Last Name,CustomerID
Amelia,Smith,1
Benjamin,Johnson,2
Charlotte,Williams,3
Daniel,Brown,4
Emily,Jones,5
Finn,Garcia,6
Grace,Miller,7
Henry,Davis,8
Isabella,Martinez,9
Jack,Hernandez,10
Liam,Lopez,11
Mia,Gonzalez,12
Noah,Wilson,13
Olivia,Anderson,14
Parker,Thomas,15
Quinn,Taylor,16
Ruby,Moore,17
Samuel,Jackson,18
Thomas,Martin,19
Violet,Lee,20
Wyatt,Perez,21
Xander,Thompson,22
Zara,White,23
Ava,Harris,24
Caleb,Sanchez,25
Daisy,Clark,26
Ethan,Ramirez,27
Freya,Lewis,28
Gabriel,Robinson,29
Hannah,Walker,30
Ian,Young,31
Jade,Allen,32
Kai,King,33
Leah,Wright,34
Mason,Scott,35
Nina,Torres,36
Oscar,Nguyen,37
Paige,Hill,38
Riley,Flores,39
Sophie,Green,40
Theo,Adams,41
Uma,Nelson,42
Victor,Baker,43
Wesley,Hall,44
Yara,Rivera,45
Zane,Campbell,46
Alice,Mitchell,47
Brandon,Carter,48
Cora,Roberts,49
Dylan,Gomez,50
Eve,Phillips,51
Felix,Evans,52
Giselle,Turner,53
Hudson,Diaz,54
Ivy,Parker,55
Jonah,Cruz,56
Kiera,Edwards,57
Luca,Collins,58
Maya,Reyes,59
Nathan,Stewart,60
Owen,Morris,61
Piper,Morales,62
Reid,Murphy,63
Sadie,Cook,64
Tyler,Rogers,65
Una,Gutierrez,66
Vivian,Ortiz,67
Wren,Morgan,68
Xavier,Cooper,69
Yasmin,Peterson,70
Zoey,Bailey,71
Aaron,Reed,72
Bella,Kelly,73
Connor,Howard,74
Delilah,Ramos,75
Elias,Kim,76
Fiona,Cox,77
Gavin,Ward,78
Hazel,Richardson,79
Isaac,Watson,80
Julia,Brooks,81
Kingston,Chavez,82
Lydia,Wood,83
Miles,James,84
Nora,Bennett,85
Peter,Gray,86
Rosie,Mendoza,87
Sebastian,Ruiz,88
Talia,Hughes,89
Uriah,Price,90
Vera,Alvarez,91
Willow,Castillo,92
Ximena,Sanders,93
Yosef,Patel,94
Zion,Myers,95
Addison,Long,96
Blake,Ross,97
Cameron,Foster,98
Dahlia,Jimenez,99
Elliot,Powell,100
Faith,Jenkins,101
Gianna,Perry,102
Holden,Russell,103
Isla,,104
Julian,,105
Kendall,,106
Logan,,107
Madeline,,108
Nicholas,,109
Oriana,,110
Payton,,111
Reese,,112
Stella,,113
Tobias,,114
Ulysses,,115
Valerie,,116
Weston,,117
Xena,,118
Yvette,,119
Zachary,,120
Abigail,,121
Brady,,122
Clara,,123
Declan,,124
Eliza,,125
Frederick,,126
Gemma,,127
Hugo,,128
Imogen,,129
Jasper,,130
Kayla,,131
Landon,,132
Matilda,,133
Nolan,,134
Phoebe,,135
Ryan,,136
Scarlett,,137
Tristan,,138
Uriel,,139
Violet,,140
Whitney,,141
Xochitl,,142
Yvonne,,143
Zeke,,144
Aiden,,145
Brooke,,146
Chase,,147
Diana,,148
Evan,,149
Florence,,150
George,,151
Heidi,,152
Iris,,153
Joshua,,154
Kaitlyn,,155
Levi,,156
Mila,,157
Nathaniel,,158
Omar,,159
Penelope,,160
Ryder,,161
Sienna,,162
Thea,,163
Ulrich,,164
Vince,,165
Wade,,166
Xander,,167
Yasmine,,168
Zoelle,,169
Aarav,,170
Aditi,,171
Ajay,,172
Akash,,173
Alka,,174
Amit,,175
Amrita,,176
Anil,,177
Anjali,,178
Anita,,179
Arjun,,180
Arvind,,181
Ashok,,182
Bhavna,,183
Chandan,,184
Deepak,,185
Divya,,186
Gaurav,,187
Geeta,,188
Harsha,,189
Isha,,190
Jaya,,191
Kiran,,192
Krishna,,193
Lakshmi,,194
Lata,,195
Madhav,,196
Manoj,,197
Meena,,198
Mukesh,,199
Neha,,200
Nikhil,,201
Pankaj,,202
Prakash,,203
Priya,,204
Radhika,,205
Rajesh,,206
Ravi,,207
Rekha,,208
Rohit,,209
Sanjay,,210
Saraswati,,211
Sunita,,212
Suresh,,213
Swati,,214
Vikas,,215
Vikram,,216
Vineet,,217
